{
  "study_parameters": {
    "simulation_seconds": 300.0,
    "warmup_seconds": 30.0,
    "total_scenarios": 1
  },
  "scenarios": [
    {
      "name": "medium_load_fcfs",
      "arrival_rate": 2.0,
      "ttft_metrics": {
        "mean": 0.07522462275676936,
        "p50": 0.05449999999999022,
        "p90": 0.1610030907595558,
        "p99": 0.3420674999999919
      },
      "performance_metrics": {
        "throughput": 1.9333333333333333,
        "utilization_prefill": 0.06893729166666664,
        "utilization_decode": 0.12462666666666664,
        "utilization_gpu": 0.0
      },
      "queue_metrics": {
        "wait_time_prefill": 0.001239592623580598,
        "wait_time_decode": 1.6613580940328322e-05,
        "service_time_prefill": 0.06944662405642538,
        "service_time_decode": 0.0005
      }
    }
  ],
  "summary_statistics": {
    "mean_ttft_range": [
      0.07522462275676936,
      0.07522462275676936
    ],
    "ttft_variance": 0.0,
    "scenarios_with_high_queueing": 0,
    "scenarios_with_low_queueing": 1
  },
  "key_insights": []
}